Year,Make,Model,Price
2013,BMW,Z4,16995.00
2011,BMW,Z4,250.00
2016,BMW,Z4,2750.00
2012,BMW,Z4,20700.00
2015,BMW,Z4,23888.00
2003,BMW,Z4,15500.00
2014,BMW,Z4,10900.00
2003,BMW,Z4,17950.00
2003,BMW,Z4,11995.00
2014,BMW,Z4,7775.00
2006,BMW,Z4,28995.00
2006,BMW,Z4,29995.00
2021,BMW,Z4,12985.00
2004,BMW,Z4,54600.00
2008,BMW,Z4,13400.00
2006,BMW,Z4,16250.00
2004,BMW,Z4,15795.00
2008,BMW,Z4,9950.00
2006,BMW,Z4,19995.00
2007,BMW,Z4,12990.00
2007,BMW,Z4,22698.00
2011,BMW,Z4,7550.00
2003,BMW,Z4,17950.00
2022,BMW,Z4,7588.00
2011,BMW,Z4,52900.00
2003,BMW,Z4,22900.00
2007,BMW,Z4,15995.00
2008,BMW,Z4,10588.00
2009,BMW,Z4,13990.00
2006,BMW,Z4,18950.00
2003,BMW,Z4,33990.00
2003,BMW,Z4,10000.00
2007,BMW,Z4,11998.00
2004,BMW,Z4,33990.00
2006,BMW,Z4,19000.00
2004,BMW,Z4,27995.00
2003,BMW,Z4,19000.00
2003,BMW,Z4,10995.00
2004,BMW,Z4,16995.00
2006,BMW,Z4,15995.00
2006,BMW,Z4,18995.00
2011,BMW,Z4,29995.00
2008,BMW,Z4,22900.00
